bag_id,bag_label,bag_prediction
bag_000,1,0.5741839
bag_001,0,0.48944125
bag_002,1,0.5504225
bag_003,1,0.5774838
bag_004,0,0.49537086
bag_005,0,0.48104748
bag_006,1,0.57118106
bag_007,0,0.49191335
bag_008,0,0.49990842
bag_009,1,0.58558816
bag_010,1,0.5567926
bag_011,0,0.4788273
bag_012,1,0.5625878
bag_013,1,0.54515237
bag_014,0,0.47941455
bag_015,0,0.4778421
bag_016,0,0.48434457
bag_017,1,0.55509126
bag_018,1,0.56756234
bag_019,0,0.49470145
